,mutation_shorthand,aa1,aa2,location,membrane glycoprotein
224,V57L,V,L,57,0.07142857142857142
225,R89G,R,G,89,0.07142857142857142
