,mutation_shorthand,aa1,aa2,location,membrane glycoprotein
99,L57V,L,V,57,0.07142857142857142
100,G89R,G,R,89,0.07142857142857142
