,mutation_shorthand,aa1,aa2,location,nucleocapsid phosphoprotein
4,k203R,k,R,203,0.05660377358490566
5,r204G,r,G,204,0.05660377358490566
187,I210M,I,M,210,0.018867924528301886
188,V211A,V,A,211,0.018867924528301886
189,L326P,L,P,326,0.018867924528301886
220,n202S,n,S,202,0.018867924528301886
228,l187S,l,S,187,0.018867924528301886
