,mutation_shorthand,aa1,aa2,location,ORF1a polyprotein
13,X78T,X,T,78,0.015384615384615385
221,R4330C,R,C,4330,0.005128205128205128
