,mutation_shorthand,aa1,aa2,location,ORF1ab polyprotein
182,V1542L,V,L,1542,0.005291005291005291
183,N1571K,N,K,1571,0.005291005291005291
184,T1603A,T,A,1603,0.005291005291005291
185,D1615V,D,V,1615,0.005291005291005291
186,D1642V,D,V,1642,0.005291005291005291
222,L314P,L,P,314,0.010582010582010581
